diary_id,case_id,entry_datetime,entry_text
DIA00001,CAS00001,2024-04-01T16:42:30,CCTV footage reviewed; field note 0001 recorded by Ananya Gowda.
DIA00002,CAS00002,2021-01-23T13:49:30,Call records requested; field note 0002 recorded by Vikram Patil.
DIA00003,CAS00003,2024-05-21T19:30:30,Digital evidence submitted; field note 0003 recorded by Meera Reddy.
DIA00004,CAS00004,2022-02-07T07:35:30,Suspect address verified; field note 0004 recorded by Rohan Kulkarni.
DIA00005,CAS00005,2016-11-07T17:02:30,Bank statement obtained; field note 0005 recorded by Kavya Bhat.
DIA00006,CAS00006,2020-06-09T08:02:30,Forensic report received; field note 0006 recorded by Arjun Hegde.
DIA00007,CAS00007,2017-05-01T02:38:30,Witness statement recorded; field note 0007 recorded by Nandini Nayak.
DIA00008,CAS00008,2023-02-02T06:42:30,CCTV footage reviewed; field note 0008 recorded by Prakash Desai.
DIA00009,CAS00009,2020-10-15T09:51:30,Call records requested; field note 0009 recorded by Shruthi Murthy.
DIA00010,CAS00010,2021-03-06T06:44:30,Digital evidence submitted; field note 0010 recorded by Siddharth Naik.
DIA00011,CAS00011,2025-12-31T11:59:30,Suspect address verified; field note 0011 recorded by Deepa Joshi.
DIA00012,CAS00012,2020-07-08T09:01:30,Bank statement obtained; field note 0012 recorded by Manoj Sharma.
DIA00013,CAS00013,2021-01-09T09:24:30,Forensic report received; field note 0013 recorded by Pooja Rao.
DIA00014,CAS00014,2017-11-29T12:58:30,Witness statement recorded; field note 0014 recorded by Kiran Kumar.
DIA00015,CAS00015,2019-03-11T05:15:30,CCTV footage reviewed; field note 0015 recorded by Aishwarya Shetty.
DIA00016,CAS00016,2019-06-05T09:15:30,Call records requested; field note 0016 recorded by Rahul Gowda.
DIA00017,CAS00017,2021-06-30T02:47:30,Digital evidence submitted; field note 0017 recorded by Divya Patil.
DIA00018,CAS00018,2021-11-12T12:16:30,Suspect address verified; field note 0018 recorded by Harish Reddy.
DIA00019,CAS00019,2023-08-15T16:46:30,Bank statement obtained; field note 0019 recorded by Lakshmi Kulkarni.
DIA00020,CAS00020,2017-04-05T03:49:30,Forensic report received; field note 0020 recorded by Aarav Bhat.
DIA00021,CAS00021,2018-02-08T12:46:30,Witness statement recorded; field note 0021 recorded by Ananya Hegde.
DIA00022,CAS00022,2018-09-14T21:31:30,CCTV footage reviewed; field note 0022 recorded by Vikram Nayak.
DIA00023,CAS00023,2024-09-11T22:01:30,Call records requested; field note 0023 recorded by Meera Desai.
DIA00024,CAS00024,2021-04-11T05:28:30,Digital evidence submitted; field note 0024 recorded by Rohan Murthy.
DIA00025,CAS00025,2023-02-11T12:11:30,Suspect address verified; field note 0025 recorded by Kavya Naik.
DIA00026,CAS00026,2023-04-01T21:35:30,Bank statement obtained; field note 0026 recorded by Arjun Joshi.
DIA00027,CAS00027,2021-04-12T22:07:30,Forensic report received; field note 0027 recorded by Nandini Sharma.
DIA00028,CAS00028,2023-08-25T23:54:30,Witness statement recorded; field note 0028 recorded by Prakash Rao.
DIA00029,CAS00029,2025-07-24T19:09:30,CCTV footage reviewed; field note 0029 recorded by Shruthi Kumar.
DIA00030,CAS00030,2024-07-27T17:50:30,Call records requested; field note 0030 recorded by Siddharth Shetty.
